term,frequency
disease,137
brain,85
alzheimer,82
from,69
therapeutic,68
these,62
clinical,60
cognitive,60
delivery,58
potential,56
drug,54
dementia,48
review,48
including,47
based,44
amyloid,44
biomarkers,43
effects,43
neurodegenerative,43
protein,42
early,39
significant,39
targeting,38
such,36
targeted,36
analysis,36
molecular,33
associated,33
treatment,33
blood,31
disorders,31
barrier,30
target,29
oxidative,29
cell,29
participants,29
systems,29
system,28
stress,28
pathways,28
function,27
strategies,27
activity,27
central,27
neuroinflammation,26
which,26
only,25
models,25
neuronal,25
targets,25
model,25
specific,25
novel,25
mechanisms,25
both,25
high,25
signaling,24
diseases,24
further,24
promising,24
risk,24
between,23
related,23
progression,23
complex,23
identified,23
proteins,23
evidence,23
research,22
dysfunction,22
while,22
findings,22
approach,21
expression,21
therapy,21
development,21
other,21
scores,21
role,21
data,21
nervous,20
changes,20
conditions,20
across,20
multi,20
effective,20
among,20
metal,20
gene,20
long,19
enhance,19
through,19
those,19
nrf2,19
term,19
demonstrated,19
mitochondrial,19
emerging,18
identify,18
derived,18
immune,18
neurological,18
therapies,18
reduced,18
most,17
future,17
higher,17
more,17
neuroprotective,17
ferroptosis,17
health,17
synaptic,17
efficacy,17
performance,17
inhibitors,17
compared,17
sleep,17
vivo,17
disorder,17
multiple,16
binding,16
outcomes,16
factor,16
lipid,16
safety,16
regions,16
bioavailability,16
mice,15
pathogenesis,15
improve,15
global,15
platforms,15
biomarker,15
approaches,15
mechanistic,15
trials,15
preclinical,15
been,15
drugs,15
current,15
parkinson,15
enzymes,15
significantly,15
like,15
four,14
processes,14
induced,14
metabolic,14
receptor,14
challenges,14
bace1,14
time,14
many,14
well,14
decline,14
pathological,14
interventions,14
weeks,14
inflammatory,14
vitro,14
provide,14
than,14
enhanced,14
biological,14
compounds,14
highly,13
strategy,13
improved,13
progressive,13
genes,13
furthermore,13
donepezil,13
however,13
pharmacological,13
integrated,13
pathway,13
network,13
regulatory,13
axis,13
functional,13
cells,13
mediated,13
vulnerability,13
validation,12
anti,12
kcal,12
included,12
features,12
nanoparticles,12
single,12
remains,12
characterized,12
revealed,12
regulation,12
diagnosis,12
treatments,12
offer,12
applications,12
experimental,12
directed,11
level,11
include,11
against,11
analyses,11
release,11
medicine,11
mtas,11
state,11
cross,11
stability,11
traditional,11
metabolism,11
plaque,11
ache,11
recent,11
highlights,11
into,11
aggregation,11
stage,11
confirmed,11
showed,11
promise,11
hmtm,10
pathology,10
particularly,10
addressing,10
management,10
docking,10
combination,10
apoe,10
dual,10
synthetic,10
mild,10
advances,10
memory,10
impairment,10
mechanism,10
precision,10
lower,10
modulating,10
polyphenols,10
comprehensive,10
need,10
candidates,10
short,10
diagnostic,10
small,10
bdnf,10
emotional,10
within,10
assessed,10
snx27,10
will,10
elav4,10
burden,10
literature,10
core,10
various,9
context,9
nanoparticle,9
change,9
generation,9
properties,9
increasing,9
site,9
address,9
needed,9
symptoms,9
sclerosis,9
ndds,9
translational,9
develop,9
here,9
cause,9
incident,9
discuss,9
functions,9
observed,9
assess,9
individuals,9
better,9
homeostasis,9
remain,9
technologies,9
microbiota,9
propose,9
penetration,9
responses,9
profiles,9
consistent,9
focused,9
crucial,9
growth,9
neurotrophin,9
emphasizing,9
limited,9
evaluated,9
acid,9
populations,9
during,9
represent,9
interactions,9
people,9
prevention,9
damage,9
assembly,8
fkbp51,8
activation,8
enrichment,8
conventional,8
integrity,8
evaluate,8
exhibited,8
inhibiting,8
nutritional,8
coding,8
self,8
sarcopenia,8
thereby,8
effect,8
major,8
common,8
levels,8
human,8
subtypes,8
rapid,8
dysexecutive,8
optimization,8
apoptosis,8
integrating,8
interactors,8
keap1,8
turmeric,8
radiolabeling,8
beta,8
identifying,8
quality,8
large,8
diverse,8
given,8
developing,8
treating,8
represents,8
validated,8
symptomatic,8
discovery,8
relationship,8
limitations,8
digital,8
shared,8
supporting,8
attention,8
iron,8
despite,8
fentanyl,8
dysregulation,8
demonstrate,8
subgroup,8
adjusted,8
critical,8
vascular,8
influence,8
design,8
precursor,8
benefits,8
solubility,8
them,8
receptors,8
control,8
discusses,8
followed,8
different,8
indicated,7
emerged,7
machine,7
middle,7
antioxidants,7
several,7
modulation,7
adults,7
reducing,7
lead,7
cognition,7
inhibition,7
inflammation,7
roles,7
apoe4,7
driven,7
formation,7
synthesized,7
nvas,7
spectrum,7
facilitating,7
aims,7
mental,7
improving,7
published,7
provides,7
leading,7
gait,7
previously,7
guided,7
detection,7
behavioral,7
developed,7
help,7
activities,7
vegf,7
baseline,7
highlight,7
clearance,7
resulting,7
type,7
over,7
framework,7
degradation,7
olfactory,7
lack,7
capable,7
there,7
impaired,7
providing,7
differences,7
light,7
molecules,7
cases,7
analyzed,7
learning,7
possible,7
relevant,7
imaging,7
characteristics,7
associations,7
rutin,7
selective,7
suggest,7
achieved,7
establish,7
proteomic,7
endothelial,7
stem,7
pcsk9,7
cognitively,7
strong,7
increased,7
index,7
older,7
database,7
profiling,6
adscs,6
linked,6
modest,6
slow,6
pathologies,6
regulate,6
neuropsychological,6
neurodegeneration,6
family,6
probable,6
examined,6
movement,6
individual,6
poor,6
formulation,6
inclisiran,6
clinically,6
screening,6
reported,6
effectively,6
omics,6
prioritize,6
neurodevelopmental,6
exposure,6
invasive,6
innovative,6
collectively,6
involved,6
autophagy,6
proteomics,6
modifying,6
amyotrophic,6
lateral,6
transport,6
prevalent,6
first,6
month,6
view,6
reductions,6
gpx4,6
genetic,6
trem2,6
translation,6
directions,6
systemic,6
exert,6
multifunctional,6
nanocarriers,6
additionally,6
because,6
engineered,6
reactive,6
directly,6
socio,6
economic,6
acute,6
akt1,6
work,6
mitochondria,6
phase,6
accumulation,6
injury,6
implicated,6
action,6
efficiency,6
focusing,6
samples,6
knowledge,6
pathogenic,6
patient,6
agents,6
imbalance,6
alterations,6
onset,6
structure,6
identification,6
designed,6
acetylcholinesterase,6
pubmed,6
conversion,6
interaction,6
conducted,6
plaques,6
understanding,6
therapeutics,6
nanobody,6
domain,6
deposition,6
hyperphosphorylation,6
compound,6
domains,6
cerebrospinal,6
fluid,6
hypocretin,6
gender,6
assays,6
inhibited,6
scaffold,6
structural,6
optimal,6
aimed,6
rnas,6
should,6
score,6
additive,6
highlighted,6
primary,6
signalling,6
trial,6
improvement,6
loss,6
bche,6
mncd,6
speed,5
mmse,5
respectively,5
dynamics,5
whether,5
highest,5
strength,5
available,5
seen,5
progress,5
controls,5
gaps,5
groups,5
offers,5
green,5
interpretation,5
affinity,5
unique,5
existing,5
therefore,5
permeability,5
grey,5
medical,5
matter,5
endpoints,5
applied,5
atrophy,5
plasma,5
measures,5
distress,5
pathophysiology,5
enzyme,5
some,5
production,5
phosphorylation,5
monotherapies,5
background,5
datasets,5
ligand,5
covid,5
precise,5
radionuclide,5
plasticity,5
severe,5
making,5
dependent,5
access,5
proposed,5
ability,5
beyond,5
regulating,5
ocular,5
search,5
ligands,5
toxicity,5
glutamine,5
differentially,5
speech,5
efforts,5
toward,5
comparative,5
reviewed,5
sources,5
insights,5
tissue,5
life,5
collection,5
hippocampus,5
distinct,5
formulations,5
parameters,5
being,5
next,5
microglial,5
kinase,5
promote,5
molecule,5
broad,5
techniques,5
nitric,5
oxide,5
intranasal,5
overall,5
tests,5
attenuating,5
scale,5
indicates,5
administration,5
oral,5
exhibits,5
antioxidant,5
convergent,5
series,5
peroxidation,5
chitosan,5
multimodal,5
synthesis,5
mixed,5
language,5
intervention,5
linking,5
finally,5
variant,5
predicted,5
number,5
regulator,5
candidate,5
enhancing,5
disability,5
adnc,5
correlated,5
prkcg,5
preventive,5
years,5
repair,5
cellular,5
persistent,5
silico,5
mainly,5
cholinergic,5
present,5
play,5
adverse,5
genotype,5
depressive,5
redox,5
they,5
microglia,5
hold,5
employing,5
modulate,5
architecture,5
conclusions,5
mtor,5
random,5
total,4
independent,4
hydrogen,4
underlying,4
criteria,4
neurotrophins,4
reached,4
foundation,4
drinking,4
enzymatic,4
assessments,4
likelihood,4
smoking,4
essential,4
capacity,4
accuracy,4
means,4
antibodies,4
highlighting,4
down,4
buche,4
derivatives,4
able,4
medicinal,4
phenotype,4
glial,4
practice,4
marked,4
misfolding,4
active,4
care,4
recombinant,4
agonists,4
antagonists,4
preliminary,4
whereas,4
after,4
united,4
virtual,4
extracellular,4
barriers,4
pivotal,4
outline,4
computational,4
delay,4
found,4
region,4
animal,4
robust,4
dysregulated,4
growing,4
problems,4
systematically,4
implications,4
modeling,4
imidazo,4
obtained,4
involving,4
challenge,4
predicting,4
shown,4
sensitive,4
ranging,4
bmecs,4
healthy,4
application,4
google,4
scholar,4
curcumin,4
field,4
enhances,4
hand,4
give,4
summary,4
tumor,4
isoforms,4
fibrils,4
association,4
mitigate,4
underscores,4
pathophysiological,4
qsar,4
favorable,4
incubation,4
without,4
main,4
group,4
statistically,4
functionalized,4
abilities,4
stages,4
reveal,4
micrornas,4
alongside,4
intellectual,4
motor,4
multifactorial,4
viable,4
defined,4
regulated,4
death,4
although,4
integrative,4
prioritization,4
particular,4
cutting,4
demonstrates,4
investigate,4
uptake,4
free,4
variations,4
regression,4
called,4
sars,4
toxic,4
types,4
syndrome,4
personalized,4
controlled,4
nanocarrier,4
scopolamine,4
valuable,4
reality,4
underscore,4
link,4
previous,4
optimizing,4
plays,4
offering,4
multifaceted,4
values,4
potent,4
exobdnf,4
presentation,4
start,4
ptau217,4
image,4
aging,4
population,4
failed,4
multitarget,4
neuropathology,4
monotherapy,4
oxygen,4
species,4
officinalis,4
combinations,4
platform,4
promoting,4
leveraging,4
delayed,4
summarize,4
irreversible,4
thus,4
indirectly,4
interconnected,4
hippocampal,4
specificity,4
transcytosis,4
five,4
hallmark,4
membrane,4
nodes,4
agnps,4
often,4
decreased,4
positive,4
regional,4
dysnomic,4
cluster,4
overnight,4
sampling,4
ventricular,4
handgrip,4
late,4
monitoring,4
biocompatibility,4
adod,4
authors,4
visuospatial,4
mass,4
circadian,4
patterns,4
correlation,4
versus,3
full,3
measured,3
each,3
empirically,3
amnestic,3
solution,3
method,3
differential,3
reduce,3
multivariable,3
polypharmacy,3
hospitalized,3
petri,3
hydrocephalus,3
vitamin,3
subcutaneous,3
injections,3
accessibility,3
butyrylcholinesterase,3
mini,3
examination,3
predictive,3
label,3
supplementation,3
opportunities,3
response,3
utility,3
complexes,3
show,3
importance,3
rationale,3
adas,3
neurofilament,3
under,3
support,3
gradient,3
boosting,3
mouse,3
replicated,3
omic,3
largest,3
integrates,3
typically,3
predictions,3
neuropathic,3
pain,3
areas,3
delineate,3
events,3
deterioration,3
infection,3
likely,3
trigger,3
vulnerable,3
bridging,3
innovation,3
illness,3
confirm,3
hydrophobic,3
descriptors,3
smiles,3
cortical,3
nine,3
tangles,3
hyperphosphorylated,3
built,3
amnesic,3
systematic,3
selex,3
variants,3
plant,3
alternative,3
relief,3
reliable,3
huntington,3
performed,3
depletion,3
microrna,3
capabilities,3
tracking,3
affected,3
post,3
accelerating,3
mediators,3
extends,3
wide,3
range,3
biocompatible,3
presents,3
order,3
interacting,3
facilitate,3
advantages,3
enable,3
living,3
stroke,3
aptamers,3
compliance,3
recognition,3
duration,3
neurofibrillary,3
variability,3
dataset,3
right,3
smart,3
nanotechnology,3
studied,3
synergistic,3
face,3
useful,3
tandem,3
proximity,3
promotes,3
bcl2,3
neprilysin,3
manage,3
processing,3
dosing,3
simulations,3
dmts,3
critically,3
prospects,3
manufacturing,3
scalability,3
extension,3
construct,3
quantitative,3
radioactivity,3
medium,3
half,3
amount,3
faced,3
nerve,3
reference,3
public,3
factors,3
quantify,3
agonist,3
chinese,3
contributes,3
coordination,3
versatile,3
suppression,3
diagnose,3
might,3
altered,3
suppressing,3
peptide,3
absorption,3
restricted,3
examine,3
ions,3
components,3
advanced,3
size,3
spatial,3
efficient,3
chemistry,3
engineering,3
tools,3
ferulic,3
exhibit,3
databases,3
epigallocatechin,3
gallate,3
microbial,3
neuroprotection,3
value,3
serve,3
fibril,3
captured,3
peptides,3
catalytic,3
positioning,3
sequencing,3
understood,3
collaboration,3
heterogeneity,3
concerns,3
synthase,3
artificial,3
intelligence,3
profound,3
driving,3
disruption,3
activators,3
propagate,3
primarily,3
condition,3
worldwide,3
granatane,3
triazole,3
hybrid,3
select,3
emphasizes,3
neural,3
point,3
significance,3
solutions,3
exacerbating,3
genetically,3
cascade,3
neurobiological,3
exploring,3
pyridine,3
addition,3
comparison,3
developmental,3
neuroimaging,3
evaluation,3
covers,3
protacs,3
decision,3
kegg,3
antibody,3
namely,3
carriers,3
aria,3
survival,3
failure,3
abnormalities,3
proteostasis,3
cardiovascular,3
eyes,3
proposes,3
prior,3
involves,3
form,3
reduction,3
neurovascular,3
neurons,3
additional,3
largely,3
points,3
overproduction,3
nadph,3
oxidases,3
overlapping,3
outperforming,3
occurred,3
disrupted,3
intestinal,3
determine,3
differentiated,3
sustained,3
lactate,3
intrinsic,3
selected,3
states,3
moderate,3
aromatic,3
bonding,3
contributors,3
recall,3
improvements,3
executive,3
combinatorial,3
dose,3
forest,3
diagnosed,3
abnormal,3
rather,3
preventing,3
maintaining,3
mitigating,3
cytokines,3
xgboost,3
biobank,3
explores,3
status,3
crossing,3
overcome,3
causing,3
insufficient,3
cerebral,3
advancement,3
even,3
neurotransmitters,3
disparities,3
relationships,3
constituents,3
simultaneously,3
sixteen,3
cortex,3
focus,3
adrd,3
atlas,3
consider,3
endogenous,3
quercetin,3
scaffolds,3
employed,3
longitudinal,3
indicators,3
frequent,3
subjective,3
greater,3
increase,3
females,3
males,3
suggests,3
multiomics,3
discriminant,2
correctly,2
classified,2
matched,2
sectional,2
investigations,2
peaked,2
approximately,2
dementias,2
temporal,2
trends,2
explore,2
aged,2
nanoscale,2
cytokine,2
absence,2
neurotherapeutic,2
spectrometry,2
showing,2
resource,2
hypothesis,2
broadly,2
rhythm,2
peaking,2
rhythmicity,2
feasible,2
near,2
intracranial,2
pressure,2
displayed,2
nuclei,2
peak,2
appear,2
hallmarks,2
powerful,2
devastating,2
dendritic,2
modified,2
workflow,2
waters,2
retained,2
relative,2
calculated,2
normal,2
hurdles,2
responsible,2
innovations,2
employment,2
radical,2
scavengers,2
either,2
part,2
attempts,2
effectiveness,2
tspo,2
inducing,2
premorbid,2
before,2
immunoresistance,2
foundational,2
referenced,2
contextually,2
explain,2
rehabilitation,2
articles,2
engage,2
governing,2
repurposing,2
warranting,2
representative,2
warranted,2
folding,2
strongest,2
confidence,2
intervals,2
area,2
accompanied,2
younger,2
globally,2
gains,2
sociodemographic,2
slight,2
declines,2
narrowed,2
reflecting,2
casp3,2
stat3,2
mdm2,2
negative,2
apoptotic,2
lanabecestat,2
umibecestat,2
thresholds,2
affinities,2
quantified,2
elucidate,2
task,2
urinary,2
european,2
kingdom,2
shapley,2
explanations,2
shap,2
substructures,2
prospective,2
alleviate,2
underrepresented,2
accurate,2
tasks,2
neurobiology,2
flt1,2
flt4,2
basic,2
druggable,2
integration,2
methodologies,2
conclude,2
advance,2
neurology,2
defining,2
practical,2
spatially,2
evaluating,2
standard,2
host,2
bacteroidetes,2
screen,2
whereby,2
coupled,2
gpcrs,2
perform,2
readily,2
extended,2
rational,2
modulators,2
en020,2
whole,2
headache,2
diarrhoea,2
separation,2
chain,2
adcs,2
training,2
fingerprints,2
fingerprint,2
leads,2
edge,2
utilize,2
phagocytosis,2
underscoring,2
intricate,2
prominent,2
indicator,2
conclusionsoverall,2
shed,2
elevated,2
detected,2
expressed,2
methodswe,2
bulk,2
firmly,2
privileged,2
similar,2
altogether,2
consolidates,2
vast,2
versatility,2
explainable,2
physiological,2
variety,2
recently,2
qualities,2
regeneration,2
contributor,2
aberrant,2
accessible,2
continuous,2
tuberculosis,2
analyze,2
recognized,2
motifs,2
secretase,2
route,2
transforming,2
hence,2
deliver,2
dendrimers,2
nanogels,2
suggesting,2
modes,2
pharmacokinetic,2
final,2
suppressive,2
splice,2
evasion,2
resistance,2
editing,2
interventional,2
impairs,2
ischemic,2
hsp90,2
imperative,2
statement,2
outlines,2
elucidates,2
complexity,2
makes,2
incorporates,2
subtyping,2
potentially,2
enabling,2
t-cell,2
infiltration,2
culminating,2
chelators,2
lipoxygenase,2
physicochemical,2
filtered,2
delineates,2
intercellular,2
libraries,2
complementarity,2
determining,2
mutagenesis,2
conformers,2
commencing,2
surmount,2
obstacles,2
interspaced,2
palindromic,2
repeat,2
facilitated,2
diversification,2
nanobodies,2
allow,2
constructing,2
precisely,2
influencing,2
bidirectional,2
communication,2
increasingly,2
dysbiosis,2
side,2
interest,2
yield,2
likeness,2
hybrids,2
restricts,2
administered,2
contextual,2
fear,2
memories,2
evident,2
orally,2
exponential,2
curcuminoids,2
autodock,2
vina,2
prepared,2
myricetin,2
chlorogenic,2
selectively,2
beneficial,2
bacteria,2
establishment,2
november,2
keywords,2
resveratrol,2
anthocyanin,2
mddss,2
moreover,2
process,2
cancer,2
aptamer,2
evolution,2
oligonucleotides,2
fold,2
salvia,2
melissa,2
asiaticosides,2
centella,2
asiatica,2
scavenging,2
b-mediated,2
neurotrophic,2
rosmarinic,2
actions,2
phytochemicals,2
pleiotropic,2
paradigm,2
diagnosing,2
carrier,2
closely,2
transgenic,2
subjected,2
sirna,2
tested,2
according,2
dota,2
nanolipid,2
optimized,2
automatically,2
custom,2
deep,2
simultaneous,2
movements,2
smartphone,2
augmented,2
immersed,2
daily,2
fusing,2
argue,2
established,2
concept,2
chip,2
scientific,2
revolutionizing,2
remaining,2
flexible,2
disrupting,2
cycle,2
widely,2
composed,2
metals,2
intracellular,2
exerts,2
along,2
healthcare,2
alleviated,2
stabilized,2
suppressed,2
extensive,2
efficiencies,2
encouraging,2
open,2
removed,2
body,2
entry,2
limiting,2
targetable,2
amyloidogenesis,2
allowed,2
bona,2
fide,2
proteome,2
identifies,2
immunohistochemistry,2
others,2
newly,2
warrant,2
guiding,2
availability,2
routes,2
option,2
theranostic,2
real,2
logistic,2
polymet,2
fty720,2
clear,2
concern,2
bppf,2
traf6,2
cdk2,2
adam10,2
mapk3,2
node,2
information,2
approval,2
translating,2
nanomedicine,2
comprise,2
power,2
numerous,2
chimeras,2
cultures,2
glia,2
neuron,2
example,2
clinicaltrials,2
programs,2
success,2
localization,2
third,2
hcmec,2
transwell,2
restored,2
lowering,2
count,2
rehabilitative,2
recovering,2
best,2
cost,2
prevents,2
fundamental,2
cholinesterase,2
silver,2
extracts,2
meanwhile,2
enables,2
bypass,2
immunofluorescence,2
coordinated,2
upregulation,2
classes,2
links,2
brief,2
priorities,2
rely,2
technique,2
superoxide,2
immunotherapies,2
hypotheses,2
implication,2
kinases,2
metalloproteinases,2
favourable,2
behavior,2
medline,2
english,2
inclusion,2
inhibitory,2
synapse,2
transmission,2
inhibitor,2
carbamate,2
constitutes,2
polarization,2
natural,2
earlier,2
stands,2
costs,2
strict,2
eligibility,2
stand,2
planning,2
shifting,2
nature,2
hbche,2
activates,2
modulates,2
protective,2
neuroimmune,2
anchored,2
adaptive,2
degraders,2
curative,2
concurrent,2
approved,2
working,2
knock,2
involvement,2
synergy,2
dass,2
psqi,2
moca,2
infectious,2
specifically,2
influenza,2
pharmacophoric,2
acyl,2
pocket,2
triad,2
correlations,2
fragments,2
superior,2
rmse,2
correspond,2
pattern,2
detrimental,2
affect,2
anatomically,2
tardive,2
achieving,2
subsequent,2
isoindoline,2
severity,2
registration,2
objectives,2
prevalence,2
vessel,2
interconnections,2
reserve,2
positions,2
reactions,2
rhode,2
island,2
normalized,2
indices,2
exceeding,2
tailored,2
scalable,2
adaptable,2
reveals,2
district,2
massachusetts,2
hawaii,2
mexico,2
integrate,2
capture,2
neurotoxic,2
protocol,2
stratified,2
objectivewe,2
unclear,2
known,2
influences,2
mimetic,2
neurodevelopment,2
validate,2
seizures,2
dental,2
anomalies,2
thrive,2
reports,2
analytical,2
nasal,2
cavity,2
nearly,2
coronavirus,2
respiratory,2
playing,2
generally,2
methodology,2
assessing,2
ferm,2
retromer,2
described,2
reinforces,2
presence,2
synthesizes,2
circular,2
biology,2
genome,2
homozygous,2
frameshift,2
missense,2
poorly,2
families,2
advancing,2
realizing,2
transcriptome,2
disciplines,2
rigorous,2
date,2
three,2
roadmap,2
combats,2
restores,2
master,2
challenging,2
translocation,2
inos,2
conjugation,2
synthesises,2
priority,2
modification,2
sophisticated,2
microfluidic,2
chips,2
discussing,2
minimally,2
therapeutically,2
incorporating,2
crispr,2
cas9,2
obstacle,2
limits,2
science,2
predisposed,2
reframing,2
destabilizer,2
imprinting,2
presented,2
mechanistically,2
unmasking,2
latent,2
vulnerabilities,2
metabolically,2
beclin,2
managing,2
cleaving,2
summarized,2
anosmia,2
gained,2
mrna,2
partial,2
encompassing,2
unified,2
putative,2
talk,2
networks,2
depression,2
window,2
gnri,2
albumin,2
hemoglobin,2
slower,2
step,2
hopefully,2
suitable,2
underwent,2
evening,2
concentrations,2
melatonin,2
retention,2
biomaterial,2
frames,2
shorter,2
characterizing,2
combine,2
phenylalanine,2
observational,1
clarify,1
boxes,1
jutten,1
appropriately,1
refer,1
citations,1
subsets,1
clearest,1
appeared,1
pilot,1
epilepsy,1
complicates,1
advancements,1
times,1
mucoadhesive,1
backgroundmild,1
heterogenous,1
places,1
polysomnography,1
electrolytes,1
normalised,1
mean,1
cosinor,1
poorer,1
physical,1
guide,1
relate,1
seven,1
hourly,1
morning,1
scanning,1
calorimetry,1
yielding,1
particle,1
zeta,1
entrapment,1
spherical,1
surface,1
modelling,1
markedly,1
obstructive,1
successful,1
polymer,1
spectroscopy,1
characteristic,1
bond,1
enrolled,1
initiative,1
adni,1
functioning,1
proportional,1
hazards,1
estimate,1
varied,1
transcription,1
gwas,1
loci,1
elements,1
cres,1
pinpoint,1
gsea,1
repurposable,1
terms,1
elav,1
c-jun,1
n-terminal,1
releases,1
mitogenactivated,1
mapk,1
forms,1
distorted,1
perceptions,1
vision,1
stabilizes,1
mrnas,1
participate,1
papers,1
last,1
steps,1
optimising,1
establishing,1
conducting,1
define,1
complete,1
smell,1
sometimes,1
complement,1
pruning,1
astrocytic,1
eaat2,1
downregulation,1
compromise,1
recursive,1
loops,1
cargo,1
carrying,1
gives,1
considerable,1
cargos,1
mirnas,1
ultrasound,1
accounting,1
occurring,1
flavonoid,1
constrained,1
signs,1
mesenchymal,1
mscs,1
preserving,1
alleviating,1
adaptability,1
importantly,1
overlaps,1
assessment,1
herein,1
representing,1
interface,1
naturally,1
progressively,1
diminish,1
resilience,1
destabilize,1
oscillatory,1
coherence,1
weaken,1
circuit,1
interfering,1
mirna,1
mimics,1
decoys,1
vesicle,1
urgently,1
characterised,1
morbidity,1
griess,1
reagent,1
suppress,1
sorting,1
nexin,1
trafficking,1
endosomal,1
recycling,1
enhancers,1
consequences,1
calls,1
urgent,1
reconsideration,1
senile,1
nfts,1
etiologies,1
embryonic,1
lethal,1
efflux,1
transporters,1
tight,1
junction,1
contributing,1
encapsulation,1
affecting,1
suffering,1
sequelae,1
gain,1
neurotropism,1
peripheral,1
virus,1
olfaction,1
secreted,1
opposite,1
astrocytes,1
oligodendrocytes,1
signals,1
especially,1
parosmia,1
symptom,1
nonsense,1
decay,1
strengthening,1
epidemic,1
preparedness,1
chronic,1
vesicles,1
bilayer,1
publications,1
phenotypes,1
landscape,1
unrelated,1
pakistani,1
segregating,1
investigated,1
exome,1
reviews,1
regulators,1
cbrs,1
endocannabinoids,1
ecbs,1
anandamide,1
arachidonoylglycerol,1
communications,1
lethality,1
endocannabinoid,1
comprises,1
cannabinoid,1
isoform,1
bound,1
biofluids,1
article,1
dysmorphisms,1
variably,1
delays,1
augments,1
phenotypic,1
severely,1
disrupt,1
milder,1
precedes,1
circulating,1
stratification,1
compare,1
biofluid,1
excitability,1
crosstalk,1
antisense,1
behaviors,1
incidence,1
backgroundsubjective,1
inform,1
methods440,1
scans,1
genotyping,1
evaluations,1
sourced,1
publicly,1
codes,1
occurrence,1
algorithmically,1
hazard,1
ratio,1
interval,1
agitation,1
apathy,1
hallucinations,1
delusions,1
sleeping,1
appetite,1
tobacco,1
alcohol,1
neurotransmitter,1
regulations,1
neuropsychiatric,1
commonly,1
apart,1
consists,1
disturbing,1
anxiety,1
variance,1
inflation,1
determinants,1
migration,1
insurance,1
coverage,1
proportions,1
female,1
introduce,1
understand,1
created,1
latest,1
census,1
then,1
weighed,1
multicollinearity,1
mercury,1
arsenic,1
immunological,1
autoimmune,1
autoimmunity,1
sustaining,1
counteracting,1
varying,1
median,1
univariately,1
subgroups,1
multivariate,1
markov,1
resultswomen,1
detoxify,1
cadmium,1
notation,1
graphs,1
utilized,1
sixty,1
splits,1
statistical,1
branched,1
anchoring,1
week,1
received,1
nanomolar,1
remarkable,1
deficits,1
swiss,1
manifestation,1
neuroepithelium,1
zinc,1
comprising,1
cohort,1
differed,1
conclusionsthis,1
probiotic,1
supplement,1
materials,1
elderly,1
columbia,1
metallothioneins,1
cysteine,1
rich,1
copper,1
participation,1
harmful,1
sigma,1
neuroinflammatory,1
isoindolines,1
rates,1
meet,1
marginal,1
going,1
forward,1
allele,1
strongly,1
monoclonal,1
aducanumab,1
lecanemab,1
donanemab,1
preventative,1
inhibits,1
battery,1
measuring,1
flexibility,1
switching,1
objective,1
metrics,1
spearman,1
tied,1
orientation,1
ser198,1
environmental,1
impacts,1
disproportionate,1
frequently,1
questionnaire,1
computerized,1
constructed,1
predict,1
pic50,1
monte,1
carlo,1
coral,1
software,1
limbic,1
plants,1
upgrade,1
applicability,1
attracted,1
pseudo,1
carefully,1
compiled,1
peer,1
guidelines,1
fight,1
complications,1
ischemia,1
reperfusion,1
holds,1
great,1
evaluates,1
ease,1
towards,1
safer,1
exhibiting,1
though,1
conclusive,1
lacking,1
prisma,1
when,1
valid,1
assist,1
come,1
exclusion,1
hyperlipidemia,1
exacerbates,1
impairing,1
matrix,1
dismutase,1
discussed,1
realism,1
focuses,1
covering,1
repurposed,1
urine,1
ss31,1
skq1,1
disrupts,1
disturbance,1
triggered,1
accepted,1
proteases,1
glycogen,1
causal,1
following,1
embase,1
scopus,1
searched,1
experiments,1
mitoq,1
mitotempo,1
friendly,1
greener,1
inhibit,1
breaking,1
result,1
physiopathological,1
nexus,1
pandemic,1
substantially,1
sequential,1
decades,1
neurotransmission,1
mostly,1
rivastigmine,1
galantamine,1
extraordinary,1
located,1
parenchyma,1
second,1
hyperlipidemic,1
microvessel,1
isolation,1
sequentially,1
restore,1
reduces,1
cholesterol,1
report,1
attenuates,1
microvascular,1
bioinformatics,1
tissues,1
interestingly,1
proteolysis,1
lysosome,1
lytacs,1
glues,1
eliminate,1
aggregating,1
degrader,1
assisted,1
lines,1
pluripotent,1
ipsc,1
paradigms,1
spheroids,1
organoids,1
complementary,1
toxin,1
shape,1
contributions,1
unknown,1
perspective,1
estimated,1
attrition,1
rate,1
immortalized,1
favor,1
posit,1
constellation,1
extend,1
midkine,1
pleiotrophin,1
clusterin,1
accumulate,1
phosphorus,1
nanosheets,1
loaded,1
polymetformin,1
fingolimod,1
hydrochloride,1
facilitates,1
injured,1
shows,1
maps,1
bioengineered,1
nanolamellar,1
coating,1
biomembrane,1
onto,1
black,1
corresponding,1
feature,1
sets,1
frontotemporal,1
becoming,1
simulate,1
incompleteness,1
false,1
modalities,1
interrelated,1
unbiased,1
finding,1
portal,1
quantification,1
assay,1
measurements,1
carbon,1
nanodots,1
constructs,1
negatively,1
charged,1
surfaces,1
amyloidogenic,1
fibrillization,1
displaying,1
actual,1
remarkably,1
influenced,1
expands,1
expand,1
hyperactivation,1
aunps,1
scrambled,1
incubated,1
prefrontal,1
pull,1
western,1
blot,1
immunocytochemistry,1
gamma,1
confers,1
homotypic,1
still,1
panel,1
distinguishing,1
microdissected,1
true,1
biotinylated,1
tailor,1
easily,1
operate,1
repressing,1
unexpected,1
secondary,1
subgraph,1
seeded,1
contribution,1
expanding,1
calcium,1
nevertheless,1
above,1
knockdown,1
promoted,1
amounts,1
worse,1
reach,1
quickly,1
ntdds,1
subsequently,1
radiolabeled,1
indeed,1
diagnostics,1
photothermal,1
graphene,1
gold,1
nanorods,1
induce,1
localized,1
stop,1
getting,1
practiced,1
penetrating,1
transform,1
memantine,1
unmet,1
actionable,1
paper,1
empower,1
evolving,1
nanotechnologies,1
ways,1
unimaginable,1
consequently,1
realistically,1
personalization,1
shift,1
parallel,1
biomimetic,1
camouflaging,1
proinflammatory,1
autophagic,1
attenuation,1
preservation,1
recovery,1
s-associated,1
biosensing,1
polymers,1
lipids,1
thermal,1
preformed,1
aggregates,1
disassembly,1
nicotine,1
markers,1
radiolabel,1
containing,1
contents,1
structures,1
obtain,1
meaningful,1
extracted,1
qingfengteng,1
sinomenium,1
acutum,1
immunomodulatory,1
serves,1
antagonist,1
bungarotoxin,1
supersede,1
expensive,1
nude,1
confirming,1
nicotinic,1
acetylcholine,1
sinomenine,1
alkaloid,1
akin,1
brainhealth,1
stratifications,1
frameworks,1
neuro,1
uncertainty,1
quantifications,1
capturing,1
camellia,1
sinensis,1
camp,1
element,1
creb,1
hindered,1
liposomes,1
bilosomes,1
monnieri,1
ginsenosides,1
panax,1
ginseng,1
crocin,1
safranal,1
crocus,1
sativus,1
curcuma,1
longa,1
ginkgolides,1
bilobalide,1
ginkgo,1
biloba,1
bacosides,1
bacopa,1
aspects,1
frequency,1
bioactive,1
rooted,1
ayurveda,1
withanolides,1
withania,1
somnifera,1
prebiotics,1
reshapes,1
microecology,1
regulates,1
metabolites,1
utilizing,1
comparatively,1
complementing,1
orchestrating,1
serving,1
infections,1
overview,1
strategic,1
proliferation,1
bifidobacteria,1
lactobacilli,1
immunogenicity,1
transferrin,1
density,1
lipoprotein,1
lrp1,1
examines,1
responsive,1
certain,1
solid,1
nanostructured,1
affordable,1
modal,1
reshaping,1
modern,1
shapes,1
bind,1
garnered,1
exacerbate,1
endocrine,1
polyphenolic,1
focal,1
owing,1
pronounced,1
notably,1
hindering,1
carboxymethyl,1
water,1
soluble,1
biodegradable,1
derivative,1
drawn,1
oriented,1
rhizome,1
powder,1
bisdemethoxycurcumin,1
desmethoxycurcumin,1
enhancements,1
comparable,1
filters,1
mtdl,1
nutraceuticals,1
investigates,1
herb,1
amber22,1
amnesia,1
balb,1
days,1
onwards,1
regularly,1
threshold,1
outliers,1
comprehensively,1
energy,1
damps,1
checkpoints,1
exosome,1
camelids,1
penetrate,1
formats,1
substances,1
attenuate,1
path,1
medicines,1
clustered,1
cancers,1
stranded,1
resistant,1
similarly,1
require,1
relevance,1
constraint,1
greatly,1
composition,1
impacting,1
avenue,1
compile,1
tunable,1
inherent,1
biomedical,1
stimuli,1
cycloaddition,1
coupling,1
pseudopelletierine,1
granatanone,1
analogue,1
stable,1
residues,1
manifestations,1
mhtt,1
foxo3,1
amplifying,1
glioma,1
prime,1
heterogeneous,1
construction,1
dipolar,1
scaffolding,1
glucocorticoid,1
b-through,1
maintenance,1
elaborates,1
pink1,1
mutant,1
huntingtin,1
frontier,1
causality,1
propel,1
exploration,1
appeal,1
tumors,1
fk506,1
chaperone,1
pyridines,1
marketed,1
anxiolytics,1
alpidem,1
saripidem,1
necopidem,1
zolpidem,1
prescribed,1
delivering,1
required,1
pursue,1
interdisciplinary,1
employ,1
binders,1
azide,1
unlock,1
nose,1
utilizes,1
trigeminal,1
rapidly,1
attributes,1
mucociliary,1
printing,1
inventions,1
share,1
ultimately,1
drive,1
impairments,1
exceptionally,1
difficult,1
parenterally,1
hepatic,1
initiated,1
mucoadhesiveness,1
encapsulate,1
perfect,1
emphasis,1
rigorously,1
curated,1
chembl,1
delivered,1
minimal,1
physician,1
multidimensional,1
peroxides,1
inactivation,1
glutathione,1
peroxidase,1
couplings,1
neglected,1
tropical,1
made,1
tubulin,1
hdacs,1
benign,1
profile,1
medications,1
insomnia,1
publication,1
preparation,1
condensation,1
multicomponent,1
intramolecular,1
cyclizations,1
metabolomic,1
months,1
provided,1
degree,1
predominantly,1
produced,1
synthases,1
vital,1
randomization,1
transcriptomics,1
metabolomics,1
resultsthrough,1
inferred,1
transcriptomic,1
glutamate,1
displays,1
backgroundalzheimer,1
macular,1
degeneration,1
fully,1
elucidated,1
objectivethis,1
incorporated,1
mendelian,1
standardized,1
duplicates,1
tanimoto,1
similarity,1
cytochrome,1
mycobacterium,1
cholinesterases,1
secretases,1
handled,1
smotetomek,1
strictly,1
folds,1
selection,1
relied,1
receiving,1
specified,1
trees,1
rdkit,1
connectivity,1
benchmarked,1
nested,1
prevent,1
leakage,1
class,1
restoring,1
balance,1
neutralize,1
triggering,1
myeloid,1
whose,1
k-nearest,1
neighbors,1
vasodilation,1
platelet,1
reaction,1
peroxynitrite,1
intensifies,1
arising,1
heighten,1
atherosclerosis,1
robustly,1
adme,1
gpcr,1
array,1
leveraged,1
herbal,1
diabetes,1
mellitus,1
retaining,1
modulator,1
danggui,1
shaoyao,1
classical,1
text,1
views,1
performs,1
enamine,1
yielded,1
tric,1
catalog,1
analogs,1
narrow,1
tolerance,1
modifications,1
lock,1
arrested,1
precluded,1
arms,1
tolerated,1
allosteric,1
pyrod,1
pharmacophores,1
defense,1
flavonoids,1
terpenoids,1
alkaloids,1
issues,1
oxidant,1
chemoresistance,1
dynamic,1
basis,1
summarizes,1
nuclear,1
erythroid,1
constant,1
coincides,1
weaker,1
analgesic,1
paeoniflorin,1
correct,1
kynurenine,1
enriching,1
rebalance,1
applying,1
agent,1
illustrating,1
polycystic,1
ovary,1
pcos,1
tryptophan,1
bacterial,1
phylum,1
botanical,1
ligustilides,1
principles,1
transformative,1
atlases,1
elucidating,1
accelerates,1
widespread,1
members,1
vegfb,1
photocatalytic,1
resolution,1
mapping,1
proteomes,1
interactomes,1
subcellular,1
compartments,1
interfaces,1
situ,1
elusive,1
biotinylation,1
biotin,1
ligases,1
turboid,1
peroxidases,1
apex2,1
interplay,1
challenged,1
miss,1
transient,1
confined,1
underlie,1
labeling,1
limitation,1
respect,1
discolouration,1
caused,1
classifiers,1
extreme,1
vector,1
weaknesses,1
embedding,1
chloride,1
twice,1
weekly,1
intended,1
inactive,1
colourant,1
preserve,1
blinding,1
generalization,1
hydromethylthionine,1
mesylate,1
centres,1
canada,1
union,1
america,1
methylthioninium,1
hispanic,1
white,1
goal,1
downstream,1
representations,1
representation,1
strengths,1
ecfp6,1
regionally,1
cohorts,1
women,1
policymakers,1
f-score,1
curve,1
matthews,1
coefficient,1
drivers,1
variation,1
polyethylene,1
glycol,1
sharp,1
rise,1
substantial,1
exist,1
quantitatively,1
discontinued,1
verubecestat,1
elenbecestat,1
intersected,1
topological,1
ontology,1
timing,1
fusion,1
mmelon,1
trained,1
graph,1
abundance,1
race,1
ethnicity,1
pharmacology,1
pharmaceutical,1
companies,1
covered,1
original,1
october,1
describing,1
undergone,1
implemented,1
pharmaceutics,1
causes,1
failures,1
avenues,1
ebsco,1
track,1
official,1
websites,1
contacts,1
alkyl,1
engagement,1
refinement,1
dynamically,1
pharmacotherapy,1
narrative,1
systematize,1
bootstrap,1
calibration,1
curves,1
y-randomization,1
classification,1
gbdt,1
larger,1
conserved,1
refining,1
instance,1
rejuvenation,1
mainstream,1
perturbations,1
stresses,1
exogenous,1
supports,1
mode,1
thought,1
source,1
reductive,1
another,1
just,1
simple,1
designing,1
pharmacogenetic,1
minimize,1
past,1
decade,1
observation,1
apply,1
tentative,1
explanation,1
cenegermin,1
cntf,1
revakinagene,1
taroretcel,1
attributable,1
local,1
pharmaceuticals,1
paid,1
transparent,1
pipeline,1
prioritizing,1
chemotypes,1
nominates,1
testable,1
inadequate,1
polymeric,1
swissadme,1
pkcsm,1
suggested,1
logbb,1
p-gp,1
liability,1
acceptable,1
reproducible,1
spanning,1
principal,1
component,1
compute,1
rescaled,1
where,1
indicate,1
ranking,1
protection,1
ageing,1
adipose,1
hosts,1
secrete,1
transfected,1
viral,1
transplanting,1
atac,1
donors,1
neuropathological,1
observe,1
intensified,1
linkages,1
motif,1
reconstruct,1
gyrus,1
nucleus,1
plateaued,1
sharply,1
positively,1
preceded,1
surges,1
wakefulness,1
survived,1
sham,1
numbers,1
confer,1
lacks,1
sufficiently,1
leverage,1
uncover,1
polyethyleneimine,1
conjugated,1
appswe,1
morphology,1
microtubule,1
map2,1
load,1
transplanted,1
hermes,1
subpopulations,1
demographics,1
clearly,1
differentiate,1
binary,1
predictors,1
inpatient,1
resultsfor,1
unimpaired,1
conclusionsneuropsychological,1
clusters,1
reliably,1
settings,1
deposits,1
seeking,1
analysable,1
rose,1
subtle,1
sample,1
dsm5,1
neurocognitive,1
personality,1
undertook,1
roughness,1
good,1
measure,1
national,1
socioeconomic,1
general,1
persons,1
apnea,1
drawing,1
hypoxic,1
reprogramming,1
fragmentation,1
tlr4,1
b-driven,1
nlrp3,1
inflammasome,1
opioid,1
traditionally,1
accumulating,1
intersecting,1
multiscale,1
conceptual,1
neurotoxin,1
accelerator,1
until,1
reflect,1
broader,1
ewgsop2,1
geriatric,1
adjustment,1
remained,1
ultra,1
combined,1
costly,1
laboratory,1
examinations,1
prediction,1
noisy,1
analyzing,1
runs,1
